Date,Time,Incoming/Outgoing,Phone,Nickname,Location,Country,Partner's Phone,Partner Nickname,Partner's Location,Partner's Country,Duration (min),Surcharges ($),Features
28-Jan-16,15:09,outgoing,2610268075,Pete,"Surprise, AZ",USA,2236301229,,USA,United States of America,28,0,
3-Feb-16,20:08,incoming,2610268075,Pete,"McKinney, TX",USA,9466920036,Jane,,,3,0,
31-Jan-16,19:08,outgoing,9466920036,Jane,"Lexington, KY",USA,2610268075,Pete,USA,United States of America,3,0,
5-Feb-16,19:36,outgoing,9466920036,Jane,"Sunnyvale, CA",USA,2312498862,,USA,United States of America,1,0,
19-Feb-16,21:23,incoming,2222822772,Mary,"Modesto, CA",USA,9677848100,,,,1,0,
14-Feb-16,21:58,outgoing,5191799014,Bob,"Columbia, SC",USA,5280615531,,USA,United States of America,4,0,
13-Feb-16,22:40,outgoing,5191799014,Bob,"Ann Arbor, MI",USA,9890065033,,USA,United States of America,2,0,
25-Jan-16,10:18,outgoing,8864023412,Betty,"Carrollton, TX",USA,2188199814,,USA,United States of America,1,0,
5-Feb-16,10:19,incoming,8864023412,Betty,"Santa Clarita, CA",USA,2602225508,,,,23,0,
19-Feb-16,10:43,outgoing,8864023412,Betty,"Cary, NC",USA,4156897518,,USA,United States of America,7,0,
5-Feb-16,12:31,outgoing,2610268075,Pete,"West Jordan, UT",USA,8874349227,,USA,United States of America,1,0,
5-Feb-16,12:30,outgoing,2610268075,Pete,"Norwalk, CA",USA,5495651161,,USA,United States of America,1,0,
14-Feb-16,12:33,outgoing,2610268075,Pete,"Wichita Falls, TX",USA,1803735741,,USA,United States of America,12,0,
29-Jan-16,13:51,outgoing,2610268075,Pete,"Springfield, MA",USA,948096846,,USA,United States of America,2,0,
20-Feb-16,14:24,outgoing,2610268075,Pete,"Colorado Springs, CO",USA,3596567062,,USA,United States of America,1,0,
26-Jan-16,13:37,outgoing,5191799014,Bob,"Los Angeles, CA",USA,7190310360,,USA,United States of America,1,0,
21-Feb-16,14:25,outgoing,2610268075,Pete,"Chula Vista, CA",USA,2631393700,,USA,United States of America,14,0,
26-Jan-16,14:37,outgoing,8864023412,Betty,"Wichita Falls, TX",USA,2222822772,Mary,USA,United States of America,3,0,
14-Feb-16,14:56,outgoing,2610268075,Pete,"Bridgeport, CT",USA,8727696711,,USA,United States of America,1,0,
17-Feb-16,14:57,outgoing,2610268075,Pete,"Long Beach, CA",USA,6052343709,,USA,United States of America,3,0,
4-Feb-16,15:06,outgoing,8864023412,Betty,"Wilmington, NC",USA,6175533381,,USA,United States of America,7,0,
15-Feb-16,14:48,outgoing,2222822772,Mary,"Augusta, GA",USA,9394638933,,USA,United States of America,1,0,
20-Feb-16,14:51,incoming,2222822772,Mary,"Fort Wayne, IN",USA,2416291959,,,,2,0,
11-Feb-16,16:03,incoming,1432520729,Will,"Wichita, KS",USA,2386216228,,,,7,0,
26-Jan-16,17:22,outgoing,1432520729,Will,"Gresham, OR",USA,5832335291,,USA,United States of America,3,0,
9-Feb-16,19:10,outgoing,2222822772,Mary,"Round Rock, TX",USA,8486192958,,USA,United States of America,3,0,
5-Feb-16,19:27,outgoing,1432520729,Will,"Brownsville, TX",USA,9759617650,,USA,United States of America,1,0,
18-Feb-16,21:09,outgoing,5191799014,Bob,"Fargo, ND",USA,1861011337,,USA,United States of America,4,0,
29-Jan-16,21:53,outgoing,5191799014,Bob,"Dayton, OH",USA,5391415251,,USA,United States of America,1,0,
8-Feb-16,23:29,incoming,5191799014,Bob,"Phoenix, AZ",USA,7404611846,,,,1,0,
2-Feb-16,9:06,outgoing,8864023412,Betty,"Rockford, IL",USA,6337399245,,USA,United States of America,3,0,
10-Feb-16,9:25,outgoing,2610268075,Pete,"Anaheim, CA",USA,8438440139,,USA,United States of America,1,0,
30-Jan-16,9:26,outgoing,2610268075,Pete,"Coral Springs, FL",USA,7312734201,,USA,United States of America,2,0,
30-Jan-16,9:39,outgoing,8864023412,Betty,"Denton, TX",USA,3683888380,,USA,United States of America,5,0,
21-Feb-16,10:38,incoming,8864023412,Betty,"Vallejo, CA",USA,1393398159,,,,25,0,
28-Jan-16,11:47,incoming,2610268075,Pete,"Tulsa, OK",USA,1859826296,,,,7,0,
26-Jan-16,12:19,outgoing,5191799014,Bob,"Hialeah, FL",USA,2222822772,Mary,USA,United States of America,1,0,
15-Feb-16,12:31,incoming,2222822772,Mary,"Kent, WA",USA,5191799014,Bob,,,2,0,
11-Feb-16,12:31,outgoing,5191799014,Bob,"Pasadena, TX",USA,2222822772,Mary,USA,United States of America,2,0,
29-Jan-16,12:41,outgoing,5191799014,Bob,"Baltimore, MD",USA,2222822772,Mary,USA,United States of America,17,0,
5-Feb-16,12:41,incoming,2222822772,Mary,"Reno, NV",USA,5191799014,Bob,,,17,0,
28-Jan-16,12:57,outgoing,5191799014,Bob,"Kansas City, KS",USA,2222822772,Mary,USA,United States of America,36,0,
25-Jan-16,12:57,incoming,2222822772,Mary,"Oklahoma City, OK",USA,5191799014,Bob,,,36,0,
13-Feb-16,14:43,outgoing,8864023412,Betty,"Jurupa Valley, CA",USA,8140323338,,USA,United States of America,8,0,
27-Jan-16,13:47,outgoing,5191799014,Bob,"Nashville, TN",USA,7581337260,,USA,United States of America,1,0,
3-Feb-16,13:44,outgoing,1432520729,Will,"Ventura, CA",USA,2695069856,,USA,United States of America,2,0,
20-Feb-16,14:50,outgoing,2610268075,Pete,"Clearwater, FL",USA,2222822772,Mary,USA,United States of America,6,0,
8-Feb-16,13:50,incoming,2222822772,Mary,"Raleigh, NC",USA,2610268075,Pete,,,6,0,
11-Feb-16,15:24,incoming,2610268075,Pete,"Kent, WA",USA,2222822772,Mary,,,2,0,
3-Feb-16,14:17,incoming,5191799014,Bob,"Chesapeake, VA",USA,3392227496,,,,3,0,
11-Feb-16,14:24,outgoing,2222822772,Mary,"Buffalo, NY",USA,2610268075,Pete,USA,United States of America,2,0,
29-Jan-16,15:37,incoming,8864023412,Betty,"Clarksville, TN",USA,5191799014,Bob,,,42,0,
7-Feb-16,15:21,outgoing,5191799014,Bob,"Fayetteville, NC",USA,6587142254,,USA,United States of America,1,0,
19-Feb-16,15:20,outgoing,5191799014,Bob,"Atlanta, GA",USA,5096162442,,USA,United States of America,1,0,
29-Jan-16,14:37,outgoing,5191799014,Bob,"Las Vegas, NV",USA,8864023412,Betty,USA,United States of America,42,0,
15-Feb-16,15:29,incoming,5191799014,Bob,"Wichita Falls, TX",USA,7283991210,,,,1,0,
17-Feb-16,15:32,incoming,5191799014,Bob,"Victorville, CA",USA,1024993792,,,,1,0,
6-Feb-16,15:28,outgoing,5191799014,Bob,"Fargo, ND",USA,8825157521,,USA,United States of America,2,0,
30-Jan-16,15:42,outgoing,5191799014,Bob,"South Bend, IN",USA,342778435,,USA,United States of America,1,0,
28-Jan-16,15:57,incoming,2222822772,Mary,"Waterbury, CT",USA,5191799014,Bob,,,1,0,
25-Jan-16,15:57,outgoing,5191799014,Bob,"Orlando, FL",USA,2222822772,Mary,USA,United States of America,1,0,
5-Feb-16,15:57,incoming,5191799014,Bob,"Oceanside, CA",USA,2222822772,Mary,,,2,0,
9-Feb-16,15:57,outgoing,2222822772,Mary,"Richmond, VA",USA,5191799014,Bob,USA,United States of America,2,0,
14-Feb-16,16:38,outgoing,8864023412,Betty,"Durham, NC",USA,2405159182,,USA,United States of America,47,0,
28-Jan-16,16:57,outgoing,5191799014,Bob,"Buffalo, NY",USA,778670070,,USA,United States of America,1,0,
25-Jan-16,17:11,outgoing,5191799014,Bob,"West Jordan, UT",USA,9117715849,,USA,United States of America,1,0,
7-Feb-16,17:12,outgoing,1432520729,Will,"Miramar, FL",USA,4694613539,,USA,United States of America,3,0,
19-Feb-16,17:14,incoming,1432520729,Will,"Kent, WA",USA,6779974730,,,,5,0,
8-Feb-16,17:27,outgoing,5191799014,Bob,"Evansville, IN",USA,6816014459,,USA,United States of America,2,0,
5-Feb-16,17:30,incoming,5191799014,Bob,"Evansville, IN",USA,6659565889,,,,3,0,
18-Feb-16,17:33,incoming,5191799014,Bob,"Kansas City, KS",USA,590154474,,,,2,0,
29-Jan-16,17:25,incoming,1432520729,Will,"Anaheim, CA",USA,6473609800,,,,14,0,
16-Feb-16,18:18,incoming,5191799014,Bob,"Stamford, CT",USA,6756275538,,,,1,0,
20-Feb-16,19:37,outgoing,8864023412,Betty,"Lancaster, CA",USA,2222822772,Mary,USA,United States of America,1,0,
6-Feb-16,18:34,incoming,2222822772,Mary,"Scottsdale, AZ",USA,2610268075,Pete,,,1,0,
31-Jan-16,18:34,outgoing,2610268075,Pete,"Davie, FL",USA,2222822772,Mary,USA,United States of America,1,0,
5-Feb-16,18:38,outgoing,2222822772,Mary,"Ventura, CA",USA,2610268075,Pete,USA,United States of America,2,0,
24-Jan-16,18:38,incoming,2610268075,Pete,"San Angelo, TX",USA,2222822772,Mary,,,2,0,
3-Feb-16,18:53,outgoing,5191799014,Bob,"Chicago, IL",USA,2222822772,Mary,USA,United States of America,1,0,
17-Feb-16,18:54,outgoing,5191799014,Bob,"Gainesville, FL",USA,2610268075,Pete,USA,United States of America,1,0,
19-Feb-16,18:54,incoming,2610268075,Pete,"Lancaster, CA",USA,5191799014,Bob,,,1,0,
28-Jan-16,20:01,outgoing,8864023412,Betty,"Honolulu, HI",USA,2610268075,Pete,USA,United States of America,1,0,
20-Feb-16,20:37,outgoing,8864023412,Betty,"Aurora, IL",USA,6281151556,,USA,United States of America,1,0,
11-Feb-16,19:29,outgoing,2222822772,Mary,"New Haven, CT",USA,8864023412,Betty,USA,United States of America,7,0,
21-Feb-16,20:29,incoming,8864023412,Betty,"Eugene, OR",USA,2222822772,Mary,,,7,0,
19-Feb-16,20:51,incoming,8864023412,Betty,"El Cajon, CA",USA,2522483114,,,,9,0,
29-Jan-16,21:08,outgoing,8864023412,Betty,"Manchester, NH",USA,3893013817,,USA,United States of America,2,0,
4-Feb-16,21:10,outgoing,8864023412,Betty,"Laredo, TX",USA,1463238802,,USA,United States of America,2,0,
20-Feb-16,21:11,outgoing,8864023412,Betty,"Fort Lauderdale, FL",USA,9183381094,,USA,United States of America,2,0,
11-Feb-16,8:58,outgoing,8864023412,Betty,"Westminster, CO",USA,8228931365,,USA,United States of America,5,0,
11-Feb-16,10:14,incoming,8864023412,Betty,"Tallahassee, FL",USA,2610268075,Pete,,,2,0,
9-Feb-16,9:14,outgoing,2610268075,Pete,"Victorville, CA",USA,8864023412,Betty,USA,United States of America,2,0,
25-Jan-16,9:51,outgoing,2610268075,Pete,"Reno, NV",USA,1447908245,,USA,United States of America,3,0,
16-Feb-16,10:51,incoming,2222822772,Mary,"Kansas City, MO",USA,2062302278,,,,3,0,
19-Feb-16,12:17,outgoing,8864023412,Betty,"Knoxville, TN",USA,1449680024,,USA,United States of America,2,0,
6-Feb-16,12:18,outgoing,8864023412,Betty,"Antioch, CA",USA,4124381690,,USA,United States of America,2,0,
10-Feb-16,12:48,outgoing,8864023412,Betty,"Davie, FL",USA,5190311730,,USA,United States of America,2,0,
28-Jan-16,13:47,incoming,2610268075,Pete,"Woodbridge, NJ",USA,5127960087,,,,1,0,
30-Jan-16,20:18,outgoing,8864023412,Betty,"Richardson, TX",USA,4418574842,,USA,United States of America,1,0,
2-Feb-16,20:15,outgoing,8864023412,Betty,"Inglewood, CA",USA,2222822772,Mary,USA,United States of America,3,0,
25-Jan-16,19:45,incoming,9466920036,Jane,"Birmingham, AL",USA,1867660219,,,,2,0,
11-Feb-16,20:41,outgoing,2222822772,Mary,"Fayetteville, NC",USA,8864023412,Betty,USA,United States of America,1,0,
13-Feb-16,21:50,outgoing,8864023412,Betty,"Madison, WI",USA,9732042132,,USA,United States of America,42,0,
29-Jan-16,21:43,outgoing,5191799014,Bob,"Thousand Oaks, CA",USA,6721142032,,USA,United States of America,2,0,
21-Feb-16,22:42,outgoing,8864023412,Betty,"Montgomery, AL",USA,8058164616,,USA,United States of America,1,0,
10-Feb-16,23:09,outgoing,5191799014,Bob,"Glendale, CA",USA,6424951580,,USA,United States of America,2,0,
12-Feb-16,23:08,outgoing,5191799014,Bob,"Aurora, IL",USA,8784896661,,USA,United States of America,1,0,
5-Feb-16,23:09,incoming,5191799014,Bob,"Independence, MO",USA,6078475319,,,,1,0,
26-Jan-16,23:10,outgoing,5191799014,Bob,"Raleigh, NC",USA,5155595467,,USA,United States of America,2,0,
11-Feb-16,6:12,outgoing,8864023412,Betty,"Midland, TX",USA,3859998501,,USA,United States of America,1,0,
6-Feb-16,8:00,incoming,8864023412,Betty,"Hillsboro, OR",USA,6915226713,,,,28,0,
29-Jan-16,8:52,outgoing,8864023412,Betty,"Santa Rosa, CA",USA,3041361814,,USA,United States of America,16,0,
21-Feb-16,9:08,outgoing,8864023412,Betty,"Lincoln, NE",USA,5862266014,,USA,United States of America,2,0,
1-Feb-16,9:11,incoming,8864023412,Betty,"Anaheim, CA",USA,1813307910,,,,6,0,
29-Jan-16,9:17,incoming,8864023412,Betty,"Sioux Falls, SD",USA,3616827716,,,,65,0,
19-Feb-16,10:43,outgoing,8864023412,Betty,"Surprise, AZ",USA,3428739133,,USA,United States of America,1,0,
30-Jan-16,10:44,outgoing,8864023412,Betty,"Concord, CA",USA,5789578316,,USA,United States of America,2,0,
31-Jan-16,11:12,outgoing,8864023412,Betty,"Pittsburgh, PA",USA,6052298895,,USA,United States of America,2,0,
4-Feb-16,11:17,outgoing,8864023412,Betty,"Sioux Falls, SD",USA,8406460112,,USA,United States of America,3,0,
7-Feb-16,12:00,incoming,2222822772,Mary,"Honolulu, HI",USA,4797727779,,,,2,0,
29-Jan-16,13:43,outgoing,8864023412,Betty,"Mesa, AZ",USA,8179038971,,USA,United States of America,4,0,
7-Feb-16,14:32,incoming,1432520729,Will,"Centennial, CO",USA,1311085836,,,,17,0,
5-Feb-16,14:30,incoming,8864023412,Betty,"Baltimore, MD",USA,4850841216,,,,29,0,
1-Feb-16,15:01,incoming,2610268075,Pete,"Bellevue, WA",USA,6615150152,,,,2,0,
25-Jan-16,15:01,outgoing,1432520729,Will,"Norman, OK",USA,4633969573,,USA,United States of America,1,0,
6-Feb-16,15:02,outgoing,1432520729,Will,"Shreveport, LA",USA,6354745880,,USA,United States of America,44,0,
12-Feb-16,15:49,outgoing,8864023412,Betty,"Woodbridge, NJ",USA,1090365050,,USA,United States of America,26,0,
1-Feb-16,16:31,outgoing,5191799014,Bob,"North Las Vegas, NV",USA,4574894211,,USA,United States of America,1,0,
1-Feb-16,16:42,incoming,5191799014,Bob,"Lowell, MA",USA,4382752680,,,,3,0,
16-Feb-16,16:42,incoming,5191799014,Bob,"Des Moines, IA",USA,9087265677,,,,1,0,
31-Jan-16,17:04,incoming,5191799014,Bob,"Elgin, IL",USA,380330294,,,,1,0,
7-Feb-16,18:02,incoming,5191799014,Bob,"Hartford, CT",USA,6118793691,,,,1,0,
4-Feb-16,18:11,outgoing,2610268075,Pete,"Oxnard, CA",USA,1432520729,Will,USA,United States of America,23,0,
30-Jan-16,18:11,incoming,1432520729,Will,"Thornton, CO",USA,2610268075,Pete,,,23,0,
29-Jan-16,18:35,outgoing,1432520729,Will,"Syracuse, NY",USA,8864023412,Betty,USA,United States of America,1,0,
11-Feb-16,19:41,outgoing,8864023412,Betty,"Rancho Cucamonga, CA",USA,254095875,,USA,United States of America,5,0,
21-Feb-16,20:17,outgoing,2222822772,Mary,"Savannah, GA",USA,5191799014,Bob,USA,United States of America,1,0,
18-Feb-16,20:15,outgoing,2222822772,Mary,"Laredo, TX",USA,5191799014,Bob,USA,United States of America,1,0,
15-Feb-16,20:15,outgoing,2222822772,Mary,"Chandler, AZ",USA,5191799014,Bob,USA,United States of America,1,0,
2-Feb-16,20:15,outgoing,2222822772,Mary,"Las Vegas, NV",USA,7608525382,,USA,United States of America,1,0,
29-Jan-16,20:28,outgoing,2222822772,Mary,"Abilene, TX",USA,5191799014,Bob,USA,United States of America,1,0,
31-Jan-16,21:00,outgoing,2222822772,Mary,"Anchorage, AK",USA,5191799014,Bob,USA,United States of America,2,0,
30-Jan-16,21:00,incoming,5191799014,Bob,"Fort Lauderdale, FL",USA,2222822772,Mary,,,2,0,
6-Feb-16,10:59,incoming,8864023412,Betty,"Lafayette, LA",USA,3748381064,,,,28,0,
13-Feb-16,14:32,incoming,8864023412,Betty,"Boston, MA",USA,6592885225,,,,5,0,
29-Jan-16,15:07,outgoing,5191799014,Bob,"Las Vegas, NV",USA,7206481810,,USA,United States of America,1,0,
29-Jan-16,16:24,incoming,8864023412,Betty,"Fargo, ND",USA,1791773741,,,,5,0,
29-Jan-16,16:32,outgoing,8864023412,Betty,"Roseville, CA",USA,2222822772,Mary,USA,United States of America,1,0,
16-Feb-16,17:17,outgoing,5191799014,Bob,"Santa Clara, CA",USA,879986815,,USA,United States of America,1,0,
9-Feb-16,17:18,incoming,5191799014,Bob,"Akron, OH",USA,200637832,,,,2,0,
14-Feb-16,19:11,outgoing,9466920036,Jane,"Sacramento, CA",USA,485984677,,USA,United States of America,3,0,
12-Feb-16,8:28,outgoing,8864023412,Betty,"Rancho Cucamonga, CA",USA,9460039702,,"ST PAUL, MN, USA",United States of America,24,0,"Roaming, BlkCallerId"
31-Jan-16,8:28,outgoing,8864023412,Betty,"New Haven, CT",USA,1930739611,,"ST PAUL, MN, USA",United States of America,1,0,"Roaming, BlkCallerId"
31-Jan-16,13:30,outgoing,8864023412,Betty,"Augusta, GA",USA,8664330900,,"BLOOMINGTN, MN, USA",United States of America,3,0,Roaming
30-Jan-16,12:44,outgoing,8864023412,Betty,"Odessa, TX",USA,2946279322,,"GOLDEN VLY, MN, USA",United States of America,4,0,Roaming
5-Feb-16,14:12,outgoing,8864023412,Betty,"Round Rock, TX",USA,1884504289,,"WASECA, MN, USA",United States of America,78,0,Roaming
27-Jan-16,10:12,incoming,5191799014,Bob,"Fargo, ND",USA,3809185428,,,,2,0,
3-Feb-16,11:27,incoming,2610268075,Pete,"Norman, OK",USA,1474663500,,,,2,0,
31-Jan-16,11:30,incoming,2222822772,Mary,"Boston, MA",USA,3690181878,,,,1,0,
19-Feb-16,11:53,incoming,2222822772,Mary,"High Point, NC",USA,6074539958,,,,2,0,
30-Jan-16,12:51,outgoing,9466920036,Jane,"Norman, OK",USA,8940697344,,USA,United States of America,1,0,
11-Feb-16,13:23,outgoing,2610268075,Pete,"Palm Bay, FL",USA,2222822772,Mary,USA,United States of America,1,0,
6-Feb-16,13:23,outgoing,2610268075,Pete,"Oklahoma City, OK",USA,6563532544,,USA,United States of America,2,0,
9-Feb-16,14:25,incoming,2222822772,Mary,"Fort Collins, CO",USA,2610268075,Pete,,,1,0,
27-Jan-16,14:25,outgoing,2610268075,Pete,"Torrance, CA",USA,2222822772,Mary,USA,United States of America,1,0,
29-Jan-16,15:30,outgoing,1432520729,Will,"Odessa, TX",USA,4157464230,,USA,United States of America,2,0,
12-Feb-16,18:16,outgoing,1432520729,Will,"Boulder, CO",USA,5972139099,,USA,United States of America,1,0,
7-Feb-16,18:15,outgoing,1432520729,Will,"Lansing, MI",USA,8864023412,Betty,USA,United States of America,1,0,
9-Feb-16,18:27,outgoing,1432520729,Will,"Tampa, FL",USA,8864023412,Betty,USA,United States of America,1,0,
16-Feb-16,18:26,outgoing,1432520729,Will,"Newark, NJ",USA,524781237,,USA,United States of America,1,0,
24-Jan-16,18:59,outgoing,1432520729,Will,"Phoenix, AZ",USA,8583267644,,USA,United States of America,1,0,
2-Feb-16,19:32,incoming,9466920036,Jane,"Pasadena, CA",USA,7242814503,,,,1,0,
16-Feb-16,20:43,outgoing,5191799014,Bob,"Simi Valley, CA",USA,1799253614,,USA,United States of America,1,0,
15-Feb-16,11:43,outgoing,9466920036,Jane,"Port St. Lucie, FL",USA,3362036520,,USA,United States of America,2,0,
15-Feb-16,12:17,outgoing,5191799014,Bob,"Modesto, CA",USA,5944361882,,USA,United States of America,7,0,
6-Feb-16,12:25,outgoing,5191799014,Bob,"Lowell, MA",USA,8095125267,,USA,United States of America,3,0,
31-Jan-16,12:29,incoming,5191799014,Bob,"Mesquite, TX",USA,8719697653,,,,10,0,
24-Jan-16,13:45,outgoing,5191799014,Bob,"Eugene, OR",USA,8693034836,,USA,United States of America,1,0,
19-Feb-16,14:07,outgoing,5191799014,Bob,"Jurupa Valley, CA",USA,5593241003,,USA,United States of America,2,0,
26-Jan-16,14:10,incoming,2222822772,Mary,"Fremont, CA",USA,5191799014,Bob,,,2,0,
21-Feb-16,14:10,outgoing,5191799014,Bob,"Fullerton, CA",USA,2222822772,Mary,USA,United States of America,2,0,
30-Jan-16,16:04,incoming,2222822772,Mary,"Chula Vista, CA",USA,8645735876,,,,1,0,
15-Feb-16,16:35,outgoing,1432520729,Will,"Inglewood, CA",USA,3636283916,,USA,United States of America,17,0,
5-Feb-16,19:18,outgoing,9466920036,Jane,"Baltimore, MD",USA,8191840348,,USA,United States of America,1,0,
4-Feb-16,9:21,outgoing,1432520729,Will,"Scottsdale, AZ",USA,5482864215,,USA,United States of America,2,0,
9-Feb-16,9:37,outgoing,8864023412,Betty,"Cincinnati, OH",USA,6564257875,,USA,United States of America,3,0,
6-Feb-16,11:13,outgoing,5191799014,Bob,"High Point, NC",USA,2142931712,,USA,United States of America,6,0,
11-Feb-16,11:39,outgoing,5191799014,Bob,"North Charleston, SC",USA,1925193418,,USA,United States of America,3,0,
11-Feb-16,12:21,outgoing,5191799014,Bob,"Tallahassee, FL",USA,8864023412,Betty,USA,United States of America,1,0,
29-Jan-16,13:30,outgoing,5191799014,Bob,"Waco, TX",USA,8214488931,,USA,United States of America,1,0,
21-Feb-16,16:04,outgoing,1432520729,Will,"Thornton, CO",USA,4988912326,,USA,United States of America,24,0,
13-Feb-16,16:34,outgoing,2222822772,Mary,"Everett, WA",USA,8864023412,Betty,USA,United States of America,1,0,
8-Feb-16,17:41,outgoing,2222822772,Mary,"Shreveport, LA",USA,1456112593,,USA,United States of America,1,0,
30-Jan-16,19:21,outgoing,5191799014,Bob,"Stockton, CA",USA,1687072636,,USA,United States of America,1,0,
19-Feb-16,18:42,outgoing,8864023412,Betty,"Modesto, CA",USA,3515353123,,USA,United States of America,43,0,
19-Feb-16,20:05,outgoing,5191799014,Bob,"Woodbridge, NJ",USA,8028475145,,USA,United States of America,2,0,
3-Feb-16,20:31,outgoing,5191799014,Bob,"North Charleston, SC",USA,1489591745,,USA,United States of America,1,0,
10-Feb-16,21:32,outgoing,2222822772,Mary,"McKinney, TX",USA,8375922834,,USA,United States of America,1,0,
27-Jan-16,21:32,outgoing,2222822772,Mary,"Lakewood, CO",USA,7545464519,,USA,United States of America,1,0,
29-Jan-16,21:07,outgoing,1432520729,Will,"Ann Arbor, MI",USA,3443357306,,USA,United States of America,2,0,
14-Feb-16,10:33,outgoing,5191799014,Bob,"Woodbridge, NJ",USA,9924335563,,USA,United States of America,2,0,
30-Jan-16,12:15,outgoing,5191799014,Bob,"McKinney, TX",USA,8444718626,,USA,United States of America,1,0,
16-Feb-16,13:44,outgoing,8864023412,Betty,"Clearwater, FL",USA,9509727129,,USA,United States of America,2,0,
16-Feb-16,13:47,outgoing,8864023412,Betty,"Boise, ID",USA,1351780113,,USA,United States of America,4,0,
12-Feb-16,13:52,outgoing,8864023412,Betty,"Lakeland, FL",USA,2610268075,Pete,USA,United States of America,19,0,
24-Jan-16,13:52,incoming,2610268075,Pete,"Corpus Christi, TX",USA,8864023412,Betty,,,19,0,
2-Feb-16,14:15,outgoing,2610268075,Pete,"Lubbock, TX",USA,393860582,,USA,United States of America,1,0,
7-Feb-16,14:14,incoming,8864023412,Betty,"El Cajon, CA",USA,5188855422,,,,5,0,
18-Feb-16,14:36,outgoing,2610268075,Pete,"Pearland, TX",USA,2146470767,,USA,United States of America,1,0,
27-Jan-16,15:21,incoming,8864023412,Betty,"Portland, OR",USA,3232554650,,,,8,0,
12-Feb-16,15:52,outgoing,5191799014,Bob,"Rialto, CA",USA,4875553846,,USA,United States of America,1,0,
5-Feb-16,15:50,outgoing,5191799014,Bob,"Ann Arbor, MI",USA,1750937284,,USA,United States of America,2,0,
3-Feb-16,18:22,outgoing,1432520729,Will,"Louisville, KY",USA,4744595571,,USA,United States of America,2,0,
20-Feb-16,18:47,incoming,5191799014,Bob,"Augusta, GA",USA,852005132,,,,2,0,
12-Feb-16,22:47,outgoing,5191799014,Bob,"Laredo, TX",USA,3024261989,,USA,United States of America,1,0,
17-Feb-16,11:14,incoming,8864023412,Betty,"Columbus, GA",USA,9265682377,,,,6,0,
2-Feb-16,11:35,outgoing,2610268075,Pete,"Tulsa, OK",USA,5501464570,,USA,United States of America,1,0,
21-Feb-16,11:36,outgoing,2610268075,Pete,"Provo, UT",USA,9089126897,,USA,United States of America,8,0,
15-Feb-16,13:07,incoming,2222822772,Mary,"Lakeland, FL",USA,2535931709,,,,1,0,
18-Feb-16,13:13,outgoing,1432520729,Will,"Fontana, CA",USA,8864023412,Betty,USA,United States of America,1,0,
31-Jan-16,14:31,outgoing,1432520729,Will,"Phoenix, AZ",USA,9667576174,,USA,United States of America,1,0,
9-Feb-16,14:31,outgoing,1432520729,Will,"Newport News, VA",USA,7837521223,,USA,United States of America,1,0,
17-Feb-16,14:43,incoming,5191799014,Bob,"Virginia Beach, VA",USA,7073933490,,,,1,0,
30-Jan-16,14:33,outgoing,1432520729,Will,"Coral Springs, FL",USA,6323841090,,USA,United States of America,54,0,
13-Feb-16,20:46,outgoing,8864023412,Betty,"Peoria, IL",USA,8968911693,,USA,United States of America,3,0,
25-Jan-16,11:07,outgoing,2222822772,Mary,"North Charleston, SC",USA,3171426882,,USA,United States of America,3,0,
8-Feb-16,11:42,outgoing,5191799014,Bob,"Edison, NJ",USA,8178166343,,USA,United States of America,1,0,
19-Feb-16,11:40,outgoing,5191799014,Bob,"Richmond, VA",USA,3466619236,,USA,United States of America,1,0,
19-Feb-16,11:40,outgoing,5191799014,Bob,"El Paso, TX",USA,9003468806,,USA,United States of America,2,0,
8-Feb-16,12:22,outgoing,2610268075,Pete,"Santa Maria, CA",USA,1432520729,Will,USA,United States of America,1,0,
29-Jan-16,12:22,outgoing,1432520729,Will,"Bakersfield, CA",USA,2610268075,Pete,USA,United States of America,1,0,
9-Feb-16,12:23,outgoing,1432520729,Will,"Billings, MT",USA,2610268075,Pete,USA,United States of America,2,0,
13-Feb-16,12:23,incoming,2610268075,Pete,"Portland, OR",USA,1432520729,Will,,,2,0,
31-Jan-16,12:25,outgoing,2610268075,Pete,"Rochester, NY",USA,1432520729,Will,USA,United States of America,1,0,
18-Feb-16,14:06,outgoing,2222822772,Mary,"Lexington, KY",USA,576881206,,USA,United States of America,1,0,
26-Jan-16,13:40,outgoing,2222822772,Mary,"Denton, TX",USA,3178853346,,USA,United States of America,1,0,
30-Jan-16,11:43,outgoing,5191799014,Bob,"West Jordan, UT",USA,6167643978,,USA,United States of America,3,0,
21-Feb-16,13:45,outgoing,2222822772,Mary,"Ann Arbor, MI",USA,8375729908,,USA,United States of America,1,0,
7-Feb-16,13:58,outgoing,2222822772,Mary,"Evansville, IN",USA,2919563844,,USA,United States of America,1,0,
5-Feb-16,14:40,incoming,2222822772,Mary,"Washington, DC",USA,1234583196,,,,1,0,
3-Feb-16,18:48,incoming,2222822772,Mary,"Arlington, TX",USA,4735672568,,,,1,0,
2-Feb-16,19:11,incoming,8864023412,Betty,"St. Louis, MO",USA,4107841672,,,,6,0,
8-Feb-16,20:20,incoming,5191799014,Bob,"Cary, NC",USA,2759170370,,,,1,0,
28-Jan-16,23:40,incoming,5191799014,Bob,"Temecula, CA",USA,1116097534,,,,1,0,
1-Feb-16,9:31,outgoing,8864023412,Betty,"Mobile, AL",USA,5191799014,Bob,USA,United States of America,3,0,
14-Feb-16,9:22,outgoing,8864023412,Betty,"Corpus Christi, TX",USA,1605323700,,USA,United States of America,10,0,
14-Feb-16,11:01,incoming,2610268075,Pete,"Salem, OR",USA,4336019477,,,,1,0,
4-Feb-16,11:31,incoming,2222822772,Mary,"Laredo, TX",USA,5431034828,,,,3,0,
31-Jan-16,12:37,outgoing,2610268075,Pete,"Chesapeake, VA",USA,9208673223,,USA,United States of America,2,0,
4-Feb-16,13:31,outgoing,5191799014,Bob,"Fort Collins, CO",USA,8864023412,Betty,USA,United States of America,1,0,
17-Feb-16,13:13,outgoing,5191799014,Bob,"Little Rock, AR",USA,4013514344,,USA,United States of America,18,0,
30-Jan-16,14:36,outgoing,5191799014,Bob,"Fayetteville, NC",USA,822209547,,USA,United States of America,1,0,
27-Jan-16,15:26,outgoing,5191799014,Bob,"Westminster, CO",USA,8864023412,Betty,USA,United States of America,2,0,
9-Feb-16,17:24,outgoing,1432520729,Will,"Richardson, TX",USA,722784109,,USA,United States of America,13,0,
12-Feb-16,18:19,outgoing,8864023412,Betty,"Mesa, AZ",USA,1102267460,,USA,United States of America,2,0,
7-Feb-16,18:22,incoming,5191799014,Bob,"Glendale, AZ",USA,8864023412,Betty,,,5,0,
25-Jan-16,18:22,outgoing,8864023412,Betty,"Tulsa, OK",USA,5191799014,Bob,USA,United States of America,5,0,
29-Jan-16,18:33,incoming,5191799014,Bob,"Denton, TX",USA,8864023412,Betty,,,1,0,
17-Feb-16,18:33,outgoing,8864023412,Betty,"Rockford, IL",USA,5191799014,Bob,USA,United States of America,1,0,
13-Feb-16,18:27,outgoing,8864023412,Betty,"Denver, CO",USA,1374892509,,USA,United States of America,7,0,
19-Feb-16,19:21,incoming,8864023412,Betty,"Grand Prairie, TX",USA,8599864621,,,,1,0,
19-Feb-16,23:09,outgoing,5191799014,Bob,"Corpus Christi, TX",USA,8370490593,,USA,United States of America,1,0,
18-Feb-16,0:06,incoming,2222822772,Mary,"Pueblo, CO",USA,6731224662,,,,1,0,
29-Jan-16,1:47,outgoing,5191799014,Bob,"Murfreesboro, TN",USA,6878295629,,USA,United States of America,1,0,
24-Jan-16,8:56,outgoing,1432520729,Will,"Rancho Cucamonga, CA",USA,3830990480,,USA,United States of America,21,0,
26-Jan-16,14:34,incoming,2222822772,Mary,"Sunnyvale, CA",USA,8104794244,,,,1,0,
30-Jan-16,16:21,incoming,2610268075,Pete,"Woodbridge, NJ",USA,7259037947,,,,2,0,
5-Feb-16,18:37,incoming,2222822772,Mary,"Mesa, AZ",USA,7563467408,,,,1,0,
1-Feb-16,20:06,outgoing,2222822772,Mary,"Murrieta, CA",USA,1466825876,,USA,United States of America,2,0,
12-Feb-16,20:42,outgoing,9466920036,Jane,"Inglewood, CA",USA,4394832337,,USA,United States of America,2,0,
8-Feb-16,21:03,incoming,2222822772,Mary,"Durham, NC",USA,2079509665,,,,1,0,
16-Feb-16,21:00,outgoing,9466920036,Jane,"South Bend, IN",USA,3850033540,,USA,United States of America,1,0,
19-Feb-16,21:06,incoming,2222822772,Mary,"Vista, CA",USA,8009811210,,,,7,0,
5-Feb-16,8:13,incoming,2610268075,Pete,"South Bend, IN",USA,5019781555,,,,1,0,
28-Jan-16,11:20,outgoing,8864023412,Betty,"Orlando, FL",USA,4175729001,,USA,United States of America,1,0,
17-Feb-16,14:29,incoming,2222822772,Mary,"Lakewood, CO",USA,6812925596,,,,1,0,
14-Feb-16,15:56,incoming,2222822772,Mary,"Cleveland, OH",USA,3313856051,,,,1,0,
18-Feb-16,21:06,outgoing,9466920036,Jane,"Norman, OK",USA,9088317718,,USA,United States of America,1,0,
16-Feb-16,10:39,incoming,2610268075,Pete,"West Jordan, UT",USA,1497720103,,,,1,0,
18-Feb-16,11:28,incoming,1432520729,Will,"Denver, CO",USA,2914104634,,,,1,0,
5-Feb-16,14:18,outgoing,2222822772,Mary,"Tallahassee, FL",USA,5523436973,,USA,United States of America,1,0,
18-Feb-16,14:19,outgoing,5191799014,Bob,"Miami, FL",USA,1674971490,,USA,United States of America,3,0,
25-Jan-16,14:48,outgoing,2222822772,Mary,"Lakeland, FL",USA,7445811138,,USA,United States of America,1,0,
3-Feb-16,15:01,incoming,5191799014,Bob,"Lexington, KY",USA,8040310262,,,,2,0,
28-Jan-16,15:27,outgoing,5191799014,Bob,"Dayton, OH",USA,5236362252,,USA,United States of America,1,0,
27-Jan-16,15:46,outgoing,5191799014,Bob,"Akron, OH",USA,3165414858,,USA,United States of America,1,0,
26-Jan-16,15:55,outgoing,2222822772,Mary,"Waco, TX",USA,8864023412,Betty,USA,United States of America,1,0,
26-Jan-16,16:01,outgoing,5191799014,Bob,"Fairfield, CA",USA,2580198796,,USA,United States of America,2,0,
27-Jan-16,16:40,outgoing,8864023412,Betty,"San Diego, CA",USA,3475323263,,USA,United States of America,23,0,
24-Jan-16,18:30,incoming,2222822772,Mary,"Stockton, CA",USA,9027458196,,,,1,0,
31-Jan-16,21:10,outgoing,5191799014,Bob,"El Paso, TX",USA,9306299034,,USA,United States of America,1,0,
19-Feb-16,7:21,incoming,8864023412,Betty,"Denver, CO",USA,2193198059,,,,1,0,
20-Feb-16,8:24,outgoing,8864023412,Betty,"Fremont, CA",USA,1124412401,,USA,United States of America,4,0,
10-Feb-16,8:31,outgoing,8864023412,Betty,"Oklahoma City, OK",USA,1470947039,,USA,United States of America,1,0,
20-Feb-16,8:55,outgoing,8864023412,Betty,"Davenport, IA",USA,8615075250,,USA,United States of America,1,0,
11-Feb-16,8:57,incoming,8864023412,Betty,"Palm Bay, FL",USA,6032873128,,,,1,0,
16-Feb-16,11:33,outgoing,5191799014,Bob,"Vallejo, CA",USA,7406772937,,USA,United States of America,15,0,
24-Jan-16,12:16,outgoing,2222822772,Mary,"Tucson, AZ",USA,3825077892,,USA,United States of America,2,0,
16-Feb-16,12:19,incoming,2222822772,Mary,"Saint Paul, MN",USA,8203166759,,,,1,0,
17-Feb-16,13:09,incoming,5191799014,Bob,"Cambridge, MA",USA,9028407797,,,,1,0,
28-Jan-16,13:18,incoming,2222822772,Mary,"Toledo, OH",USA,2610268075,Pete,,,1,0,
14-Feb-16,13:18,outgoing,2610268075,Pete,"Ventura, CA",USA,2222822772,Mary,USA,United States of America,1,0,
15-Feb-16,13:33,outgoing,2222822772,Mary,"Daly City, CA",USA,2610268075,Pete,USA,United States of America,1,0,
16-Feb-16,13:33,incoming,2610268075,Pete,"Carlsbad, CA",USA,2222822772,Mary,,,1,0,
5-Feb-16,14:06,incoming,2222822772,Mary,"Salt Lake City, UT",USA,2610268075,Pete,,,1,0,
14-Feb-16,14:06,outgoing,2610268075,Pete,"San Mateo, CA",USA,2222822772,Mary,USA,United States of America,1,0,
8-Feb-16,14:49,incoming,8864023412,Betty,"Amarillo, TX",USA,198197426,,,,1,0,
28-Jan-16,14:55,outgoing,8864023412,Betty,"College Station, TX",USA,2222822772,Mary,USA,United States of America,2,0,
21-Feb-16,14:58,outgoing,8864023412,Betty,"New York, NY",USA,3266124807,,USA,United States of America,10,0,
6-Feb-16,15:08,outgoing,8864023412,Betty,"Round Rock, TX",USA,8515611299,,USA,United States of America,1,0,
27-Jan-16,15:18,outgoing,2222822772,Mary,"Rockford, IL",USA,8864023412,Betty,USA,United States of America,2,0,
10-Feb-16,15:18,incoming,8864023412,Betty,"Arvada, CO",USA,2222822772,Mary,,,2,0,
16-Feb-16,15:16,outgoing,5191799014,Bob,"North Charleston, SC",USA,8755104002,,USA,United States of America,9,0,
27-Jan-16,16:33,incoming,1432520729,Will,"Yonkers, NY",USA,1383754204,,,,1,0,
30-Jan-16,16:44,incoming,1432520729,Will,"Miramar, FL",USA,9875099993,,,,1,0,
7-Feb-16,17:05,outgoing,2610268075,Pete,"Lakeland, FL",USA,6100013009,,USA,United States of America,4,0,
19-Feb-16,17:10,outgoing,2610268075,Pete,"Victorville, CA",USA,3946259007,,USA,United States of America,1,0,
5-Feb-16,17:11,outgoing,2610268075,Pete,"Carlsbad, CA",USA,3827034640,,USA,United States of America,3,0,
31-Jan-16,17:56,outgoing,5191799014,Bob,"Newark, NJ",USA,1910162548,,USA,United States of America,1,0,
21-Feb-16,20:05,incoming,1432520729,Will,"Wichita Falls, TX",USA,6936813796,,,,2,0,
8-Feb-16,20:52,incoming,1432520729,Will,"Killeen, TX",USA,9718624486,,,,14,0,
19-Feb-16,1:53,incoming,5191799014,Bob,"Rochester, NY",USA,4345473919,,,,1,0,
1-Feb-16,9:02,incoming,2610268075,Pete,"Brownsville, TX",USA,7894521200,,,,1,0,
5-Feb-16,9:18,incoming,2610268075,Pete,"Paterson, NJ",USA,2097767598,,,,3,0,
12-Feb-16,10:52,incoming,2610268075,Pete,"Miami Gardens, FL",USA,8078624231,,,,1,0,
5-Feb-16,12:38,outgoing,5191799014,Bob,"Irving, TX",USA,5876933991,,USA,United States of America,5,0,
17-Feb-16,12:46,outgoing,5191799014,Bob,"Warren, MI",USA,3712512395,,USA,United States of America,2,0,
24-Jan-16,13:45,outgoing,5191799014,Bob,"Virginia Beach, VA",USA,8250278100,,USA,United States of America,3,0,
26-Jan-16,16:12,outgoing,8864023412,Betty,"Buffalo, NY",USA,2222822772,Mary,USA,United States of America,3,0,
11-Feb-16,16:12,incoming,2222822772,Mary,"El Monte, CA",USA,8864023412,Betty,,,3,0,
11-Feb-16,18:47,incoming,2222822772,Mary,"Billings, MT",USA,8225073732,,,,2,0,
10-Feb-16,20:06,outgoing,5191799014,Bob,"Scottsdale, AZ",USA,7532127273,,USA,United States of America,2,0,
12-Feb-16,2:25,outgoing,5191799014,Bob,"Sunnyvale, CA",USA,2690409235,,USA,United States of America,1,0,
7-Feb-16,2:56,outgoing,5191799014,Bob,"Roseville, CA",USA,8491504507,,USA,United States of America,1,0,
21-Feb-16,9:26,outgoing,8864023412,Betty,"Kent, WA",USA,7484352867,,USA,United States of America,5,0,
17-Feb-16,11:44,incoming,1432520729,Will,"Burbank, CA",USA,1233519746,,,,1,0,
26-Jan-16,11:58,incoming,2610268075,Pete,"Louisville, KY",USA,7625849262,,,,1,0,
10-Feb-16,12:57,outgoing,5191799014,Bob,"Boulder, CO",USA,9526471836,,USA,United States of America,4,0,
13-Feb-16,13:39,incoming,8864023412,Betty,"Springfield, IL",USA,4134162294,,,,1,0,
28-Jan-16,14:22,outgoing,2222822772,Mary,"Waterbury, CT",USA,3684925167,,USA,United States of America,1,0,
19-Feb-16,16:20,outgoing,5191799014,Bob,"Fargo, ND",USA,2610268075,Pete,USA,United States of America,2,0,
26-Jan-16,16:20,incoming,2610268075,Pete,"Richmond, CA",USA,5191799014,Bob,,,2,0,
8-Feb-16,16:44,outgoing,1432520729,Will,"Wichita Falls, TX",USA,2361280973,,USA,United States of America,1,0,
12-Feb-16,16:41,outgoing,8864023412,Betty,"Kansas City, MO",USA,3400434630,,USA,United States of America,13,0,
27-Jan-16,17:05,incoming,1432520729,Will,"Sacramento, CA",USA,613759704,,,,18,0,
3-Feb-16,17:26,incoming,1432520729,Will,"Irving, TX",USA,4223727672,,,,2,0,
6-Feb-16,16:25,outgoing,8864023412,Betty,"Colorado Springs, CO",USA,1432520729,Will,USA,United States of America,1,0,
7-Feb-16,17:25,incoming,1432520729,Will,"Antioch, CA",USA,8864023412,Betty,,,1,0,
19-Feb-16,16:26,outgoing,8864023412,Betty,"Buffalo, NY",USA,4899175554,,USA,United States of America,3,0,
4-Feb-16,18:20,outgoing,2610268075,Pete,"Albuquerque, NM",USA,9032256932,,USA,United States of America,2,0,
4-Feb-16,21:15,incoming,2222822772,Mary,"McAllen, TX",USA,4592417445,,,,2,0,
9-Feb-16,21:20,incoming,2222822772,Mary,"Tampa, FL",USA,9381681554,,,,1,0,
12-Feb-16,21:20,incoming,2222822772,Mary,"Augusta, GA",USA,1717578367,,,,1,0,
8-Feb-16,21:58,outgoing,5191799014,Bob,"Sacramento, CA",USA,513544004,,USA,United States of America,1,0,
15-Feb-16,22:00,incoming,5191799014,Bob,"Atlanta, GA",USA,3244153456,,,,2,0,
25-Jan-16,21:56,outgoing,5191799014,Bob,"Everett, WA",USA,4937744504,,USA,United States of America,2,0,
15-Feb-16,10:31,incoming,1432520729,Will,"Torrance, CA",USA,1417051567,,,,6,0,
29-Jan-16,11:43,incoming,5191799014,Bob,"Broken Arrow, OK",USA,7271512935,,,,2,0,
25-Jan-16,12:08,outgoing,9466920036,Jane,"Vista, CA",USA,5119610658,,USA,United States of America,1,0,
11-Feb-16,12:09,outgoing,9466920036,Jane,"Saint Paul, MN",USA,4354553526,,USA,United States of America,2,0,
21-Feb-16,11:54,outgoing,5191799014,Bob,"Orlando, FL",USA,2065053365,,USA,United States of America,1,0,
15-Feb-16,13:31,incoming,2610268075,Pete,"Bakersfield, CA",USA,6884127704,,,,1,0,
9-Feb-16,14:24,incoming,2610268075,Pete,"Reno, NV",USA,119651487,,,,4,0,
20-Feb-16,17:01,outgoing,2610268075,Pete,"Corona, CA",USA,9018058172,,USA,United States of America,1,0,
5-Feb-16,17:12,incoming,2222822772,Mary,"San Francisco, CA",USA,8864023412,Betty,,,6,0,
28-Jan-16,17:12,outgoing,8864023412,Betty,"Miami Gardens, FL",USA,2222822772,Mary,USA,United States of America,6,0,
18-Feb-16,17:25,incoming,1432520729,Will,"Burbank, CA",USA,6559034442,,,,20,0,
7-Feb-16,17:44,outgoing,2610268075,Pete,"Garden Grove, CA",USA,1432520729,Will,USA,United States of America,5,0,
7-Feb-16,17:44,incoming,1432520729,Will,"Jurupa Valley, CA",USA,2610268075,Pete,,,5,0,
14-Feb-16,17:49,outgoing,1432520729,Will,"San Diego, CA",USA,8912921768,,USA,United States of America,3,0,
27-Jan-16,17:51,outgoing,1432520729,Will,"Las Vegas, NV",USA,5191799014,Bob,USA,United States of America,3,0,
9-Feb-16,17:51,incoming,5191799014,Bob,"Lafayette, LA",USA,1432520729,Will,,,3,0,
15-Feb-16,18:26,outgoing,5191799014,Bob,"West Valley City, UT",USA,982443762,,USA,United States of America,1,0,
27-Jan-16,18:41,incoming,2610268075,Pete,"Ontario, CA",USA,8962504234,,,,5,0,
26-Jan-16,19:46,incoming,2610268075,Pete,"Lancaster, CA",USA,4983058006,,,,2,0,
30-Jan-16,20:25,outgoing,5191799014,Bob,"Jurupa Valley, CA",USA,7973230323,,USA,United States of America,1,0,
7-Feb-16,20:31,outgoing,2610268075,Pete,"Bridgeport, CT",USA,4655655144,,USA,United States of America,1,0,
28-Jan-16,20:32,outgoing,2610268075,Pete,"Boston, MA",USA,74746132,,USA,United States of America,2,0,
6-Feb-16,20:58,outgoing,2610268075,Pete,"Detroit, MI",USA,4110998708,,USA,United States of America,1,0,
5-Feb-16,8:19,outgoing,8864023412,Betty,"Inglewood, CA",USA,3735366517,,USA,United States of America,1,0,
26-Jan-16,8:19,outgoing,8864023412,Betty,"New York, NY",USA,5898803904,,USA,United States of America,1,0,
6-Feb-16,8:20,outgoing,8864023412,Betty,"McAllen, TX",USA,1194920020,,USA,United States of America,1,0,
13-Feb-16,9:58,incoming,1432520729,Will,"Pueblo, CO",USA,872212830,,,,5,0,
12-Feb-16,12:19,outgoing,5191799014,Bob,"Cedar Rapids, IA",USA,5447150703,,USA,United States of America,1,0,
28-Jan-16,12:52,incoming,5191799014,Bob,"Spokane, WA",USA,8654245284,,,,2,0,
14-Feb-16,13:55,outgoing,2610268075,Pete,"Philadelphia, PA",USA,2797475582,,USA,United States of America,1,0,
19-Feb-16,14:05,incoming,9466920036,Jane,"Columbus, OH",USA,6625320622,,,,1,0,
1-Feb-16,16:24,outgoing,1432520729,Will,"El Paso, TX",USA,2045791341,,USA,United States of America,3,0,
3-Feb-16,17:03,outgoing,5191799014,Bob,"Independence, MO",USA,399396185,,USA,United States of America,2,0,
20-Feb-16,19:05,incoming,9466920036,Jane,"New Orleans, LA",USA,9898901760,,,,4,0,
9-Feb-16,20:38,incoming,2222822772,Mary,"Fremont, CA",USA,6028986178,,,,3,0,
27-Jan-16,21:02,outgoing,5191799014,Bob,"Richmond, CA",USA,2546517962,,USA,United States of America,1,0,
31-Jan-16,21:10,incoming,9466920036,Jane,"Springfield, IL",USA,3554709172,,,,1,0,
19-Feb-16,21:10,incoming,2222822772,Mary,"San Antonio, TX",USA,5534392751,,,,1,0,
2-Feb-16,21:07,outgoing,5191799014,Bob,"Arlington, TX",USA,9976177366,,USA,United States of America,5,0,
28-Jan-16,21:14,incoming,2222822772,Mary,"Riverside, CA",USA,5191799014,Bob,,,1,0,
9-Feb-16,21:16,outgoing,2222822772,Mary,"Pittsburgh, PA",USA,5191799014,Bob,USA,United States of America,2,0,
19-Feb-16,21:15,incoming,5191799014,Bob,"Concord, CA",USA,2222822772,Mary,,,1,0,
10-Feb-16,21:15,outgoing,2222822772,Mary,"Hampton, VA",USA,5191799014,Bob,USA,United States of America,2,0,
7-Feb-16,21:16,incoming,5191799014,Bob,"Milwaukee, WI",USA,2222822772,Mary,,,2,0,
6-Feb-16,21:12,outgoing,2222822772,Mary,"Arlington, TX",USA,74745067,,USA,United States of America,3,0,
5-Feb-16,21:15,incoming,2222822772,Mary,"Lexington, KY",USA,7635806307,,,,1,0,
21-Feb-16,21:14,outgoing,5191799014,Bob,"Topeka, KS",USA,2222822772,Mary,USA,United States of America,1,0,
31-Jan-16,12:21,incoming,9466920036,Jane,"Oceanside, CA",USA,9440082613,,,,1,0,
13-Feb-16,14:13,outgoing,1432520729,Will,"Plano, TX",USA,1432520729,Will,,United States of America,1,0,VM
29-Jan-16,14:37,incoming,2222822772,Mary,"Abilene, TX",USA,1746570096,,,,1,0,
30-Jan-16,15:37,incoming,1432520729,Will,"Phoenix, AZ",USA,9134431606,,,,1,0,
24-Jan-16,17:28,outgoing,2610268075,Pete,"Laredo, TX",USA,3329978555,,USA,United States of America,1,0,
8-Feb-16,17:29,outgoing,2610268075,Pete,"Omaha, NE",USA,9274988408,,USA,United States of America,2,0,
10-Feb-16,17:40,incoming,2610268075,Pete,"Boise, ID",USA,9813706795,,,,1,0,
17-Feb-16,20:34,outgoing,2222822772,Mary,"Boston, MA",USA,4280580486,,USA,United States of America,1,0,
9-Feb-16,7:58,outgoing,1432520729,Will,"Tallahassee, FL",USA,2106044348,,USA,United States of America,1,0,
29-Jan-16,9:46,outgoing,8864023412,Betty,"Boise, ID",USA,5431554635,,USA,United States of America,15,0,
29-Jan-16,10:31,incoming,2610268075,Pete,"Vista, CA",USA,5385163725,,,,3,0,
24-Jan-16,10:38,outgoing,2610268075,Pete,"Knoxville, TN",USA,9423544148,,USA,United States of America,5,0,
18-Feb-16,10:43,incoming,2610268075,Pete,"Joliet, IL",USA,4957045991,,,,3,0,
24-Jan-16,10:46,outgoing,2610268075,Pete,"Irvine, CA",USA,9910471190,,USA,United States of America,4,0,
14-Feb-16,11:46,incoming,2610268075,Pete,"Dayton, OH",USA,6716944737,,,,3,0,
28-Jan-16,11:51,outgoing,2610268075,Pete,"Scottsdale, AZ",USA,978067959,,USA,United States of America,5,0,
20-Feb-16,13:01,incoming,2222822772,Mary,"Palmdale, CA",USA,2610268075,Pete,,,7,0,
9-Feb-16,13:01,outgoing,2610268075,Pete,"Pomona, CA",USA,2222822772,Mary,USA,United States of America,7,0,
21-Feb-16,13:34,outgoing,2610268075,Pete,"Independence, MO",USA,1719328500,,USA,United States of America,1,0,
25-Jan-16,13:45,incoming,2222822772,Mary,"Modesto, CA",USA,5411471944,,,,1,0,
7-Feb-16,15:55,outgoing,5191799014,Bob,"Birmingham, AL",USA,2222822772,Mary,USA,United States of America,4,0,
20-Feb-16,15:55,incoming,2222822772,Mary,"Athens, GA",USA,5191799014,Bob,,,4,0,
28-Jan-16,16:42,outgoing,8864023412,Betty,"Santa Clarita, CA",USA,2434556361,,USA,United States of America,10,0,
14-Feb-16,16:54,outgoing,8864023412,Betty,"Irving, TX",USA,2222822772,Mary,USA,United States of America,3,0,
10-Feb-16,16:54,incoming,2222822772,Mary,"San Angelo, TX",USA,8864023412,Betty,,,3,0,
11-Feb-16,17:04,incoming,1432520729,Will,"San Mateo, CA",USA,3995085643,,,,12,0,
26-Jan-16,18:47,outgoing,2222822772,Mary,"Denton, TX",USA,5191799014,Bob,USA,United States of America,2,0,
19-Feb-16,18:47,incoming,5191799014,Bob,"Newark, NJ",USA,2222822772,Mary,,,2,0,
9-Feb-16,20:14,incoming,9466920036,Jane,"Portland, OR",USA,5152407428,,,,3,0,
16-Feb-16,9:10,incoming,2610268075,Pete,"Antioch, CA",USA,9329489557,,,,7,0,
12-Feb-16,9:21,outgoing,8864023412,Betty,"Waterbury, CT",USA,8478174872,,USA,United States of America,7,0,
20-Feb-16,9:28,outgoing,8864023412,Betty,"Oxnard, CA",USA,9323465216,,USA,United States of America,9,0,
30-Jan-16,9:43,outgoing,8864023412,Betty,"El Paso, TX",USA,5151258623,,USA,United States of America,3,0,
17-Feb-16,10:44,outgoing,5191799014,Bob,"Jacksonville, FL",USA,4304322143,,USA,United States of America,2,0,
5-Feb-16,11:20,outgoing,5191799014,Bob,"El Paso, TX",USA,6036221220,,USA,United States of America,1,0,
26-Jan-16,12:00,outgoing,2222822772,Mary,"Bridgeport, CT",USA,5191799014,Bob,USA,United States of America,1,0,
10-Feb-16,12:01,outgoing,5191799014,Bob,"Kansas City, MO",USA,2222822772,Mary,USA,United States of America,2,0,
8-Feb-16,12:01,incoming,2222822772,Mary,"Toledo, OH",USA,5191799014,Bob,,,2,0,
9-Feb-16,12:16,incoming,2222822772,Mary,"Escondido, CA",USA,5191799014,Bob,,,2,0,
8-Feb-16,12:16,outgoing,5191799014,Bob,"Brownsville, TX",USA,2222822772,Mary,USA,United States of America,2,0,
12-Feb-16,12:19,outgoing,2222822772,Mary,"Murrieta, CA",USA,6043751395,,USA,United States of America,2,0,
30-Jan-16,12:27,incoming,5191799014,Bob,"Midland, TX",USA,7710176436,,,,11,0,
31-Jan-16,12:40,outgoing,2222822772,Mary,"Mesquite, TX",USA,8864023412,Betty,USA,United States of America,14,0,
21-Feb-16,12:41,incoming,8864023412,Betty,"Brownsville, TX",USA,2222822772,Mary,,,14,0,
15-Feb-16,14:16,incoming,2610268075,Pete,"Kansas City, MO",USA,5635044726,,,,3,0,
10-Feb-16,14:40,incoming,1432520729,Will,"Alexandria, VA",USA,3683070382,,,,2,0,
1-Feb-16,14:57,incoming,9466920036,Jane,"Murrieta, CA",USA,6492241853,,,,2,0,
6-Feb-16,15:42,outgoing,9466920036,Jane,"Alexandria, VA",USA,8175265045,,USA,United States of America,2,0,
14-Feb-16,15:56,outgoing,9466920036,Jane,"Philadelphia, PA",USA,7080586402,,USA,United States of America,1,0,
12-Feb-16,17:29,outgoing,1432520729,Will,"Phoenix, AZ",USA,3071843965,,USA,United States of America,10,0,
25-Jan-16,18:59,outgoing,5191799014,Bob,"Detroit, MI",USA,4514116970,,USA,United States of America,1,0,
25-Jan-16,18:58,outgoing,5191799014,Bob,"Stockton, CA",USA,5547478210,,USA,United States of America,1,0,
30-Jan-16,19:00,outgoing,5191799014,Bob,"Salinas, CA",USA,2898008175,,USA,United States of America,1,0,
11-Feb-16,19:07,outgoing,5191799014,Bob,"Boston, MA",USA,9328658597,,USA,United States of America,2,0,
24-Jan-16,20:01,incoming,5191799014,Bob,"Cedar Rapids, IA",USA,4123599513,,,,1,0,
31-Jan-16,23:38,outgoing,5191799014,Bob,"Lincoln, NE",USA,6937807896,,USA,United States of America,2,0,
28-Jan-16,8:17,outgoing,8864023412,Betty,"Stockton, CA",USA,9874871633,,USA,United States of America,2,0,
25-Jan-16,8:14,outgoing,8864023412,Betty,"Tulsa, OK",USA,6335869532,,USA,United States of America,3,0,
31-Jan-16,8:31,incoming,8864023412,Betty,"Rochester, NY",USA,2950127716,,,,7,0,
12-Feb-16,8:38,outgoing,8864023412,Betty,"Elk Grove, CA",USA,3039539385,,USA,United States of America,2,0,
11-Feb-16,8:41,incoming,2610268075,Pete,"Lowell, MA",USA,6036566040,,,,1,0,
17-Feb-16,11:00,outgoing,5191799014,Bob,"Henderson, NV",USA,3487705612,,USA,United States of America,3,0,
10-Feb-16,11:35,incoming,2222822772,Mary,"Simi Valley, CA",USA,2449370852,,,,2,0,
4-Feb-16,11:58,outgoing,5191799014,Bob,"Pompano Beach, FL",USA,9827827931,,USA,United States of America,1,0,
18-Feb-16,12:04,incoming,8864023412,Betty,"Pembroke Pines, FL",USA,4984643750,,,,1,0,
17-Feb-16,12:09,outgoing,2222822772,Mary,"Fremont, CA",USA,5352442508,,USA,United States of America,1,0,
30-Jan-16,12:48,outgoing,5191799014,Bob,"Palm Bay, FL",USA,9210994116,,USA,United States of America,1,0,
17-Feb-16,12:58,incoming,8864023412,Betty,"Kansas City, MO",USA,2169707022,,,,1,0,
19-Feb-16,13:52,incoming,2610268075,Pete,"Oakland, CA",USA,4079514509,,,,2,0,
25-Jan-16,13:57,incoming,5191799014,Bob,"Rancho Cucamonga, CA",USA,4355180446,,,,1,0,
13-Feb-16,14:57,incoming,8864023412,Betty,"Tyler, TX",USA,7680692154,,,,1,0,
1-Feb-16,16:16,outgoing,8864023412,Betty,"Waco, TX",USA,1832944073,,USA,United States of America,1,0,
29-Jan-16,16:16,outgoing,2610268075,Pete,"Norman, OK",USA,7204596178,,USA,United States of America,2,0,
6-Feb-16,16:17,outgoing,1432520729,Will,"Provo, UT",USA,7649041092,,USA,United States of America,2,0,
9-Feb-16,16:16,outgoing,8864023412,Betty,"Fort Collins, CO",USA,5963087236,,USA,United States of America,2,0,
11-Feb-16,16:20,outgoing,1432520729,Will,"Santa Clara, CA",USA,2009926354,,USA,United States of America,1,0,
4-Feb-16,16:41,incoming,1432520729,Will,"St. Petersburg, FL",USA,6783253982,,,,2,0,
8-Feb-16,16:41,incoming,8864023412,Betty,"Buffalo, NY",USA,555293184,,,,32,0,
20-Feb-16,17:28,incoming,2222822772,Mary,"Midland, TX",USA,8381543767,,,,2,0,
7-Feb-16,19:30,outgoing,5191799014,Bob,"Tacoma, WA",USA,6909987688,,USA,United States of America,1,0,
15-Feb-16,20:03,outgoing,5191799014,Bob,"Lexington, KY",USA,6930152344,,USA,United States of America,1,0,
2-Feb-16,21:10,outgoing,2222822772,Mary,"Colorado Springs, CO",USA,4027654149,,USA,United States of America,1,0,
28-Jan-16,21:31,incoming,5191799014,Bob,"Joliet, IL",USA,1356401633,,,,1,0,
8-Feb-16,11:29,incoming,2222822772,Mary,"Davie, FL",USA,4935499814,,,,1,0,
8-Feb-16,12:21,outgoing,5191799014,Bob,"Antioch, CA",USA,9708587955,,USA,United States of America,1,0,
2-Feb-16,12:52,outgoing,2222822772,Mary,"Springfield, MA",USA,1569190349,,USA,United States of America,1,0,
1-Feb-16,13:02,incoming,2222822772,Mary,"Coral Springs, FL",USA,6297818704,,,,1,0,
6-Feb-16,13:22,incoming,5191799014,Bob,"North Charleston, SC",USA,2950036607,,,,1,0,
12-Feb-16,13:45,outgoing,2610268075,Pete,"Hartford, CT",USA,3325773782,,USA,United States of America,6,0,
29-Jan-16,13:57,outgoing,2222822772,Mary,"Frisco, TX",USA,8864023412,Betty,USA,United States of America,6,0,
11-Feb-16,13:57,incoming,8864023412,Betty,"Oklahoma City, OK",USA,2222822772,Mary,,,5,0,
18-Feb-16,14:33,incoming,5191799014,Bob,"Cleveland, OH",USA,3235900816,,,,2,0,
1-Feb-16,14:37,outgoing,2222822772,Mary,"College Station, TX",USA,8788132974,,USA,United States of America,1,0,
10-Feb-16,15:31,incoming,5191799014,Bob,"Fontana, CA",USA,6078345333,,,,1,0,
14-Feb-16,15:46,incoming,1432520729,Will,"Little Rock, AR",USA,6195938728,,,,2,0,
19-Feb-16,17:41,incoming,5191799014,Bob,"Miami, FL",USA,6231233692,,,,1,0,
25-Jan-16,17:35,outgoing,1432520729,Will,"Scottsdale, AZ",USA,8105843711,,USA,United States of America,8,0,
16-Feb-16,22:32,incoming,5191799014,Bob,"Wilmington, NC",USA,7221873535,,,,2,0,
3-Feb-16,1:25,incoming,5191799014,Bob,"Chula Vista, CA",USA,2462022714,,,,2,0,
29-Jan-16,7:58,incoming,8864023412,Betty,"Saint Paul, MN",USA,8034693594,,,,13,0,
30-Jan-16,8:12,outgoing,8864023412,Betty,"Wichita, KS",USA,4911924109,,USA,United States of America,13,0,
13-Feb-16,8:55,outgoing,2610268075,Pete,"Oxnard, CA",USA,8864023412,Betty,USA,United States of America,3,0,
11-Feb-16,8:55,incoming,8864023412,Betty,"Charleston, SC",USA,2610268075,Pete,,,3,0,
30-Jan-16,9:09,incoming,8864023412,Betty,"Norfolk, VA",USA,451489938,,,,1,0,
27-Jan-16,12:32,outgoing,5191799014,Bob,"College Station, TX",USA,417190811,,USA,United States of America,1,0,
9-Feb-16,12:37,incoming,5191799014,Bob,"Everett, WA",USA,8707875944,,,,1,0,
28-Jan-16,12:52,incoming,8864023412,Betty,"Nashville, TN",USA,9234899335,,,,1,0,
26-Jan-16,13:09,incoming,2222822772,Mary,"New Haven, CT",USA,2180902665,,,,4,0,
28-Jan-16,13:34,outgoing,2610268075,Pete,"Lincoln, NE",USA,8000645625,,USA,United States of America,1,0,
28-Jan-16,13:35,incoming,2610268075,Pete,"Grand Prairie, TX",USA,6254050155,,,,3,0,
26-Jan-16,15:12,outgoing,5191799014,Bob,"Pittsburgh, PA",USA,2222822772,Mary,USA,United States of America,3,0,
21-Feb-16,15:12,incoming,2222822772,Mary,"Midland, TX",USA,5191799014,Bob,,,3,0,
25-Jan-16,15:49,outgoing,2222822772,Mary,"Arvada, CO",USA,8864023412,Betty,USA,United States of America,1,0,
6-Feb-16,15:50,outgoing,2222822772,Mary,"Columbia, SC",USA,5389243275,,USA,United States of America,1,0,
30-Jan-16,15:55,incoming,2610268075,Pete,"Pembroke Pines, FL",USA,7463680205,,,,1,0,
30-Jan-16,16:17,incoming,2222822772,Mary,"Fullerton, CA",USA,8864023412,Betty,,,7,0,
6-Feb-16,16:17,outgoing,8864023412,Betty,"Visalia, CA",USA,2222822772,Mary,USA,United States of America,7,0,
29-Jan-16,17:12,outgoing,5191799014,Bob,"Lansing, MI",USA,7825040009,,USA,United States of America,1,0,
19-Feb-16,17:19,incoming,5191799014,Bob,"Providence, RI",USA,4138920715,,,,2,0,
21-Feb-16,17:35,outgoing,8864023412,Betty,"Lewisville, TX",USA,3616072154,,USA,United States of America,3,0,
9-Feb-16,22:06,incoming,5191799014,Bob,"Arlington, TX",USA,1575317192,,,,1,0,
6-Feb-16,22:46,outgoing,5191799014,Bob,"Tucson, AZ",USA,935510767,,USA,United States of America,1,0,
17-Feb-16,23:39,outgoing,5191799014,Bob,"Modesto, CA",USA,4147477875,,USA,United States of America,2,0,
11-Feb-16,0:31,outgoing,5191799014,Bob,"Jurupa Valley, CA",USA,1705777172,,USA,United States of America,1,0,
28-Jan-16,9:47,outgoing,2610268075,Pete,"Norwalk, CA",USA,3401874818,,USA,United States of America,1,0,
30-Jan-16,9:49,incoming,5191799014,Bob,"Norman, OK",USA,3217785487,,,,2,0,
11-Feb-16,12:51,outgoing,5191799014,Bob,"Pomona, CA",USA,2778651835,,USA,United States of America,2,0,
12-Feb-16,13:14,incoming,2610268075,Pete,"Orange, CA",USA,9563061871,,,,2,0,
27-Jan-16,13:31,incoming,5191799014,Bob,"Westminster, CO",USA,2222822772,Mary,,,1,0,
18-Feb-16,13:31,outgoing,2222822772,Mary,"Long Beach, CA",USA,5191799014,Bob,USA,United States of America,1,0,
6-Feb-16,13:30,outgoing,5191799014,Bob,"Greensboro, NC",USA,2222822772,Mary,USA,United States of America,1,0,
31-Jan-16,14:05,incoming,5191799014,Bob,"Omaha, NE",USA,3384422904,,,,1,0,
15-Feb-16,14:54,outgoing,5191799014,Bob,"Las Vegas, NV",USA,9730016605,,USA,United States of America,1,0,
8-Feb-16,15:04,outgoing,2610268075,Pete,"Salinas, CA",USA,8790276162,,USA,United States of America,2,0,
24-Jan-16,15:03,outgoing,2610268075,Pete,"Corona, CA",USA,1718345689,,USA,United States of America,1,0,
5-Feb-16,15:11,incoming,2222822772,Mary,"Overland Park, KS",USA,1123034987,,,,1,0,
29-Jan-16,15:07,outgoing,2610268075,Pete,"Milwaukee, WI",USA,2752459269,,USA,United States of America,3,0,
13-Feb-16,16:32,outgoing,5191799014,Bob,"Denver, CO",USA,283058333,,USA,United States of America,1,0,
21-Feb-16,18:02,incoming,5191799014,Bob,"Moreno Valley, CA",USA,6028193582,,,,2,0,
21-Feb-16,18:09,incoming,5191799014,Bob,"Springfield, MO",USA,1046416659,,,,2,0,
16-Feb-16,19:10,incoming,2222822772,Mary,"Chesapeake, VA",USA,1398712831,,,,1,0,
16-Feb-16,21:55,incoming,2222822772,Mary,"Coral Springs, FL",USA,4690552297,,,,1,0,
2-Feb-16,14:37,incoming,2222822772,Mary,"Tallahassee, FL",USA,1495214673,,,,1,0,
26-Jan-16,17:06,outgoing,2222822772,Mary,"Fargo, ND",USA,759157672,,USA,United States of America,1,0,
13-Feb-16,18:42,outgoing,1432520729,Will,"Hampton, VA",USA,3866918596,,USA,United States of America,1,0,
25-Jan-16,19:34,outgoing,1432520729,Will,"Hartford, CT",USA,6953259040,,USA,United States of America,2,0,
16-Feb-16,19:42,outgoing,1432520729,Will,"Pasadena, TX",USA,4812504850,,USA,United States of America,2,0,
16-Feb-16,11:56,incoming,2222822772,Mary,"Fort Wayne, IN",USA,4411687283,,,,8,0,
9-Feb-16,12:27,incoming,2610268075,Pete,"Richmond, VA",USA,265245788,,,,1,0,
11-Feb-16,12:47,incoming,2222822772,Mary,"Killeen, TX",USA,2282275410,,,,3,0,
31-Jan-16,13:22,incoming,8864023412,Betty,"Roseville, CA",USA,8785360333,,,,7,0,
3-Feb-16,17:28,outgoing,8864023412,Betty,"Jacksonville, FL",USA,6917102273,,USA,United States of America,1,0,
4-Feb-16,20:57,incoming,2222822772,Mary,"Hollywood, FL",USA,4109494275,,,,1,0,
21-Feb-16,21:42,outgoing,2222822772,Mary,"Columbia, MO",USA,817466609,,USA,United States of America,1,0,
15-Feb-16,13:48,outgoing,5191799014,Bob,"Columbus, GA",USA,2117836946,,"MINNEAPOLS, MN, USA",United States of America,1,0,Roaming
16-Feb-16,18:43,outgoing,5191799014,Bob,"Olathe, KS",USA,3969466598,,"WHBEARLAKE, MN, USA",United States of America,1,0,Roaming
12-Feb-16,8:06,outgoing,1432520729,Will,"Pasadena, CA",USA,1782070300,,USA,United States of America,12,0,
20-Feb-16,8:42,outgoing,8864023412,Betty,"El Paso, TX",USA,5783859733,,USA,United States of America,2,0,
19-Feb-16,8:44,outgoing,8864023412,Betty,"Beaumont, TX",USA,7742342132,,USA,United States of America,2,0,
12-Feb-16,8:46,outgoing,8864023412,Betty,"Washington, DC",USA,3598893691,,USA,United States of America,24,0,
29-Jan-16,9:18,outgoing,8864023412,Betty,"Olathe, KS",USA,4253064074,,USA,United States of America,1,0,
20-Feb-16,11:22,outgoing,8864023412,Betty,"Los Angeles, CA",USA,646105235,,USA,United States of America,2,0,
31-Jan-16,11:21,outgoing,8864023412,Betty,"Irvine, CA",USA,1090044656,,USA,United States of America,1,0,
11-Feb-16,11:25,incoming,8864023412,Betty,"Bridgeport, CT",USA,308533654,,,,1,0,
29-Jan-16,12:55,outgoing,8864023412,Betty,"Fresno, CA",USA,6939076743,,USA,United States of America,1,0,
15-Feb-16,13:19,incoming,2610268075,Pete,"Visalia, CA",USA,7094083618,,,,5,0,
29-Jan-16,13:43,incoming,1432520729,Will,"South Bend, IN",USA,3691329893,,,,1,0,
3-Feb-16,14:29,outgoing,8864023412,Betty,"Austin, TX",USA,3910340679,,USA,United States of America,4,0,
17-Feb-16,14:56,outgoing,8864023412,Betty,"El Cajon, CA",USA,8783003127,,USA,United States of America,6,0,
27-Jan-16,14:52,outgoing,8864023412,Betty,"Mobile, AL",USA,5538287814,,USA,United States of America,2,0,
21-Feb-16,15:22,outgoing,8864023412,Betty,"Elizabeth, NJ",USA,2222822772,Mary,USA,United States of America,1,0,
27-Jan-16,15:22,incoming,2222822772,Mary,"Sterling Heights, MI",USA,8864023412,Betty,,,1,0,
25-Jan-16,17:03,outgoing,1432520729,Will,"Durham, NC",USA,1907606820,,USA,United States of America,1,0,
14-Feb-16,17:53,incoming,2222822772,Mary,"Waterbury, CT",USA,8464478219,,,,1,0,
28-Jan-16,20:12,incoming,2222822772,Mary,"Frisco, TX",USA,2147962685,,,,2,0,
5-Feb-16,15:56,outgoing,5191799014,Bob,"Springfield, MO",USA,5388500880,,"HUDSON, WI, USA",United States of America,1,0,Roaming
19-Feb-16,18:45,outgoing,5191799014,Bob,"Columbus, OH",USA,7246409250,,"WHBEARLAKE, MN, USA",United States of America,3,0,Roaming
18-Feb-16,15:16,outgoing,5191799014,Bob,"Lowell, MA",USA,8251210759,,"WYELLOWSTN, MT, USA",United States of America,2,0,Roaming
